filename,deployment_id
20240411_071100.WAV,A001_SD001
20240410_070500.WAV,A001_SD001
20240412_070600.WAV,A001_SD001
20240402_061400.WAV,A001_SD001
20240408_061100.WAV,A001_SD001
20240403_054600.WAV,A001_SD001
20240409_064200.WAV,A001_SD001
20240408_063700.WAV,A001_SD001
20240415_070701.WAV,A001_SD001
20240405_065000.WAV,A001_SD001
20240406_062600.WAV,A001_SD001
20240404_060300.WAV,A001_SD001
20240404_070000.WAV,A001_SD001
20240410_061900.WAV,A001_SD001
20240402_063100.WAV,A001_SD001
20240404_060600.WAV,A001_SD001
20240410_064500.WAV,A001_SD001
20240406_055800.WAV,A001_SD001
20240414_064800.WAV,A001_SD001
20240403_065900.WAV,A001_SD001
20240409_062600.WAV,A001_SD001
20240416_063100.WAV,A001_SD001
20240411_055600.WAV,A001_SD001
20240411_070300.WAV,A001_SD001
20240402_065800.WAV,A001_SD001
20240401_063700.WAV,A001_SD001
20240404_055300.WAV,A001_SD001
20240416_062200.WAV,A001_SD001
20240407_062000.WAV,A001_SD001
20240412_061600.WAV,A001_SD001
20240412_061400.WAV,A001_SD001
20240404_061100.WAV,A001_SD001
20240416_070700.WAV,A001_SD001
20240402_064000.WAV,A001_SD001
20240402_055800.WAV,A001_SD001
20240414_064700.WAV,A001_SD001
20240412_055500.WAV,A001_SD001
20240412_061100.WAV,A001_SD001
20240414_070200.WAV,A001_SD001
20240415_065701.WAV,A001_SD001
20240410_063200.WAV,A001_SD001
20240404_065500.WAV,A001_SD001
20240412_071100.WAV,A001_SD001
20240414_060400.WAV,A001_SD001
20240409_063400.WAV,A001_SD001
20240412_071300.WAV,A001_SD001
20240401_063200.WAV,A001_SD001
20240402_070500.WAV,A001_SD001
20240401_061600.WAV,A001_SD001
20240403_055100.WAV,A001_SD001
20240404_062100.WAV,A002_SD013
20240405_061100.WAV,A002_SD013
20240402_071200.WAV,A002_SD013
20240403_062600.WAV,A002_SD013
20240408_063300.WAV,A002_SD013
20240402_065700.WAV,A002_SD013
20240405_071300.WAV,A002_SD013
20240414_062800.WAV,A002_SD013
20240414_055100.WAV,A002_SD013
20240402_055300.WAV,A002_SD013
20240331_055800.WAV,A002_SD013
20240409_060400.WAV,A002_SD013
20240407_071100.WAV,A002_SD013
20240406_062500.WAV,A002_SD013
20240415_061900.WAV,A002_SD013
20240409_064500.WAV,A002_SD013
20240408_064800.WAV,A002_SD013
20240407_070800.WAV,A002_SD013
20240413_063700.WAV,A002_SD013
20240403_062100.WAV,A002_SD013
20240401_062200.WAV,A002_SD013
20240413_060800.WAV,A002_SD013
20240416_064900.WAV,A002_SD013
20240413_055900.WAV,A002_SD013
20240413_060400.WAV,A002_SD013
20240331_071200.WAV,A002_SD013
20240401_055700.WAV,A002_SD013
20240405_070700.WAV,A002_SD013
20240404_055300.WAV,A002_SD013
20240403_063400.WAV,A002_SD013
20240409_063100.WAV,A002_SD013
20240416_060200.WAV,A002_SD013
20240403_063000.WAV,A002_SD013
20240406_071400.WAV,A002_SD013
20240413_064700.WAV,A002_SD013
20240405_070600.WAV,A002_SD013
20240402_064000.WAV,A002_SD013
20240402_065900.WAV,A002_SD013
20240413_065900.WAV,A002_SD013
20240416_062500.WAV,A002_SD013
20240402_064200.WAV,A002_SD013
20240406_071300.WAV,A002_SD013
20240408_060200.WAV,A002_SD013
20240415_063200.WAV,A002_SD013
20240410_061600.WAV,A002_SD013
20240402_070700.WAV,A002_SD013
20240411_062600.WAV,A002_SD013
20240408_065800.WAV,A002_SD013
20240407_070100.WAV,A002_SD013
20240414_070000.WAV,A002_SD013
20240401_062700.WAV,A003_SD005
20240405_055700.WAV,A003_SD005
20240407_065500.WAV,A003_SD005
20240413_061600.WAV,A003_SD005
20240414_060800.WAV,A003_SD005
20240412_060000.WAV,A003_SD005
20240401_060100.WAV,A003_SD005
20240414_063700.WAV,A003_SD005
20240407_063600.WAV,A003_SD005
20240416_055400.WAV,A003_SD005
20240409_062300.WAV,A003_SD005
20240401_065900.WAV,A003_SD005
20240409_054700.WAV,A003_SD005
20240413_065500.WAV,A003_SD005
20240407_061400.WAV,A003_SD005
20240412_070200.WAV,A003_SD005
20240407_055000.WAV,A003_SD005
20240416_061600.WAV,A003_SD005
20240409_070200.WAV,A003_SD005
20240416_061300.WAV,A003_SD005
20240408_063400.WAV,A003_SD005
20240407_060800.WAV,A003_SD005
20240415_064501.WAV,A003_SD005
20240415_062601.WAV,A003_SD005
20240412_062100.WAV,A003_SD005
20240403_060700.WAV,A003_SD005
20240413_062000.WAV,A003_SD005
20240415_063301.WAV,A003_SD005
20240412_061000.WAV,A003_SD005
20240407_062400.WAV,A003_SD005
20240403_070900.WAV,A003_SD005
20240403_065300.WAV,A003_SD005
20240410_055300.WAV,A003_SD005
20240412_054900.WAV,A003_SD005
20240404_065400.WAV,A003_SD005
20240410_061000.WAV,A003_SD005
20240409_062900.WAV,A003_SD005
20240415_064801.WAV,A003_SD005
20240410_063400.WAV,A003_SD005
20240412_060800.WAV,A003_SD005
20240414_060200.WAV,A003_SD005
20240407_064600.WAV,A003_SD005
20240404_064800.WAV,A003_SD005
20240406_061300.WAV,A003_SD005
20240407_064200.WAV,A003_SD005
20240414_064300.WAV,A003_SD005
20240416_060500.WAV,A003_SD005
20240404_061200.WAV,A003_SD005
20240404_055600.WAV,A003_SD005
20240414_062000.WAV,A003_SD005
20240411_063100.WAV,A004_SD012
20240410_070500.WAV,A004_SD012
20240413_063200.WAV,A004_SD012
20240415_065900.WAV,A004_SD012
20240405_063700.WAV,A004_SD012
20240411_055100.WAV,A004_SD012
20240406_070000.WAV,A004_SD012
20240402_070900.WAV,A004_SD012
20240409_064200.WAV,A004_SD012
20240404_055800.WAV,A004_SD012
20240402_063600.WAV,A004_SD012
20240401_055800.WAV,A004_SD012
20240415_070700.WAV,A004_SD012
20240412_064300.WAV,A004_SD012
20240414_054800.WAV,A004_SD012
20240411_060800.WAV,A004_SD012
20240402_063400.WAV,A004_SD012
20240412_060100.WAV,A004_SD012
20240404_062000.WAV,A004_SD012
20240410_060200.WAV,A004_SD012
20240403_054700.WAV,A004_SD012
20240414_065700.WAV,A004_SD012
20240406_060500.WAV,A004_SD012
20240403_064400.WAV,A004_SD012
20240411_070900.WAV,A004_SD012
20240331_061800.WAV,A004_SD012
20240406_060100.WAV,A004_SD012
20240405_061400.WAV,A004_SD012
20240416_065000.WAV,A004_SD012
20240414_061600.WAV,A004_SD012
20240408_071200.WAV,A004_SD012
20240414_071200.WAV,A004_SD012
20240405_064400.WAV,A004_SD012
20240409_055300.WAV,A004_SD012
20240414_061800.WAV,A004_SD012
20240412_063600.WAV,A004_SD012
20240331_055400.WAV,A004_SD012
20240412_071200.WAV,A004_SD012
20240409_055500.WAV,A004_SD012
20240402_062600.WAV,A004_SD012
20240403_061100.WAV,A004_SD012
20240411_064100.WAV,A004_SD012
20240413_064200.WAV,A004_SD012
20240331_054800.WAV,A004_SD012
20240331_071300.WAV,A004_SD012
20240401_055000.WAV,A004_SD012
20240416_063800.WAV,A004_SD012
20240416_064200.WAV,A004_SD012
20240414_070000.WAV,A004_SD012
20240405_070200.WAV,A004_SD012
20240403_062400.WAV,A005_SD002
20240410_062500.WAV,A005_SD002
20240408_063500.WAV,A005_SD002
20240409_060500.WAV,A005_SD002
20240406_062200.WAV,A005_SD002
20240407_055600.WAV,A005_SD002
20240408_063700.WAV,A005_SD002
20240403_070200.WAV,A005_SD002
20240408_065200.WAV,A005_SD002
20240416_063000.WAV,A005_SD002
20240402_065700.WAV,A005_SD002
20240414_064900.WAV,A005_SD002
20240410_055800.WAV,A005_SD002
20240405_061200.WAV,A005_SD002
20240408_063400.WAV,A005_SD002
20240401_060200.WAV,A005_SD002
20240414_060900.WAV,A005_SD002
20240413_055700.WAV,A005_SD002
20240405_055200.WAV,A005_SD002
20240401_062000.WAV,A005_SD002
20240413_063500.WAV,A005_SD002
20240409_054600.WAV,A005_SD002
20240414_071200.WAV,A005_SD002
20240412_061000.WAV,A005_SD002
20240411_060700.WAV,A005_SD002
20240402_064100.WAV,A005_SD002
20240401_065600.WAV,A005_SD002
20240411_062100.WAV,A005_SD002
20240408_070100.WAV,A005_SD002
20240401_070800.WAV,A005_SD002
20240412_055000.WAV,A005_SD002
20240401_062800.WAV,A005_SD002
20240413_061900.WAV,A005_SD002
20240405_070600.WAV,A005_SD002
20240415_054900.WAV,A005_SD002
20240413_064200.WAV,A005_SD002
20240405_060200.WAV,A005_SD002
20240414_060000.WAV,A005_SD002
20240406_061500.WAV,A005_SD002
20240415_065100.WAV,A005_SD002
20240415_063200.WAV,A005_SD002
20240404_071400.WAV,A005_SD002
20240416_065900.WAV,A005_SD002
20240408_060600.WAV,A005_SD002
20240403_061700.WAV,A005_SD002
20240401_063000.WAV,A005_SD002
20240402_070700.WAV,A005_SD002
20240407_064000.WAV,A005_SD002
20240410_071000.WAV,A005_SD002
20240414_055900.WAV,A005_SD002
20240331_064100.WAV,A006_SD006
20240413_061600.WAV,A006_SD006
20240403_064500.WAV,A006_SD006
20240331_062200.WAV,A006_SD006
20240416_060900.WAV,A006_SD006
20240406_062200.WAV,A006_SD006
20240404_065900.WAV,A006_SD006
20240413_055000.WAV,A006_SD006
20240403_062600.WAV,A006_SD006
20240408_063700.WAV,A006_SD006
20240414_055300.WAV,A006_SD006
20240416_063000.WAV,A006_SD006
20240406_062400.WAV,A006_SD006
20240416_071200.WAV,A006_SD006
20240414_071101.WAV,A006_SD006
20240408_071100.WAV,A006_SD006
20240415_060400.WAV,A006_SD006
20240331_065900.WAV,A006_SD006
20240404_062600.WAV,A006_SD006
20240405_071200.WAV,A006_SD006
20240401_065800.WAV,A006_SD006
20240415_070600.WAV,A006_SD006
20240401_064100.WAV,A006_SD006
20240408_060300.WAV,A006_SD006
20240406_064800.WAV,A006_SD006
20240415_054800.WAV,A006_SD006
20240415_064900.WAV,A006_SD006
20240403_065500.WAV,A006_SD006
20240406_061400.WAV,A006_SD006
20240415_061500.WAV,A006_SD006
20240416_064700.WAV,A006_SD006
20240416_054600.WAV,A006_SD006
20240404_055700.WAV,A006_SD006
20240412_071200.WAV,A006_SD006
20240414_062300.WAV,A006_SD006
20240404_065400.WAV,A006_SD006
20240407_062500.WAV,A006_SD006
20240404_065100.WAV,A006_SD006
20240408_070600.WAV,A006_SD006
20240331_071300.WAV,A006_SD006
20240407_062700.WAV,A006_SD006
20240401_065500.WAV,A006_SD006
20240412_061100.WAV,A006_SD006
20240409_065700.WAV,A006_SD006
20240401_070900.WAV,A006_SD006
20240403_055300.WAV,A006_SD006
20240410_064800.WAV,A006_SD006
20240409_071400.WAV,A006_SD006
20240410_055000.WAV,A006_SD006
20240331_060800.WAV,A006_SD006
20240401_060300.WAV,A007_SD017
20240402_062900.WAV,A007_SD017
20240408_061100.WAV,A007_SD017
20240406_062200.WAV,A007_SD017
20240410_070700.WAV,A007_SD017
20240401_061800.WAV,A007_SD017
20240413_054900.WAV,A007_SD017
20240412_062400.WAV,A007_SD017
20240413_063400.WAV,A007_SD017
20240331_070600.WAV,A007_SD017
20240411_055700.WAV,A007_SD017
20240413_055600.WAV,A007_SD017
20240414_061500.WAV,A007_SD017
20240409_062500.WAV,A007_SD017
20240413_063600.WAV,A007_SD017
20240406_062300.WAV,A007_SD017
20240403_060300.WAV,A007_SD017
20240409_062000.WAV,A007_SD017
20240407_061100.WAV,A007_SD017
20240404_062600.WAV,A007_SD017
20240409_062400.WAV,A007_SD017
20240406_054500.WAV,A007_SD017
20240406_060300.WAV,A007_SD017
20240413_061100.WAV,A007_SD017
20240408_065300.WAV,A007_SD017
20240412_071400.WAV,A007_SD017
20240403_063600.WAV,A007_SD017
20240409_065000.WAV,A007_SD017
20240416_062600.WAV,A007_SD017
20240410_055500.WAV,A007_SD017
20240407_064500.WAV,A007_SD017
20240414_064400.WAV,A007_SD017
20240410_054800.WAV,A007_SD017
20240407_062000.WAV,A007_SD017
20240413_060200.WAV,A007_SD017
20240407_065800.WAV,A007_SD017
20240406_055600.WAV,A007_SD017
20240406_064900.WAV,A007_SD017
20240402_065900.WAV,A007_SD017
20240401_063600.WAV,A007_SD017
20240331_063300.WAV,A007_SD017
20240410_065700.WAV,A007_SD017
20240411_064700.WAV,A007_SD017
20240405_065800.WAV,A007_SD017
20240414_064300.WAV,A007_SD017
20240402_062500.WAV,A007_SD017
20240402_061800.WAV,A007_SD017
20240414_065800.WAV,A007_SD017
20240403_065000.WAV,A007_SD017
20240331_060800.WAV,A007_SD017
20240406_060400.WAV,A008_SD007
20240413_062900.WAV,A008_SD007
20240401_062500.WAV,A008_SD007
20240409_070700.WAV,A008_SD007
20240410_062300.WAV,A008_SD007
20240408_065200.WAV,A008_SD007
20240409_054500.WAV,A008_SD007
20240408_065000.WAV,A008_SD007
20240414_054800.WAV,A008_SD007
20240408_070800.WAV,A008_SD007
20240414_063600.WAV,A008_SD007
20240413_065000.WAV,A008_SD007
20240412_062500.WAV,A008_SD007
20240402_071300.WAV,A008_SD007
20240403_062700.WAV,A008_SD007
20240404_063900.WAV,A008_SD007
20240401_054600.WAV,A008_SD007
20240402_070800.WAV,A008_SD007
20240406_055800.WAV,A008_SD007
20240415_070400.WAV,A008_SD007
20240414_070900.WAV,A008_SD007
20240412_070300.WAV,A008_SD007
20240415_064500.WAV,A008_SD007
20240331_064600.WAV,A008_SD007
20240415_060200.WAV,A008_SD007
20240407_061700.WAV,A008_SD007
20240409_060200.WAV,A008_SD007
20240416_070400.WAV,A008_SD007
20240409_055300.WAV,A008_SD007
20240331_054900.WAV,A008_SD007
20240415_054800.WAV,A008_SD007
20240411_064000.WAV,A008_SD007
20240401_065600.WAV,A008_SD007
20240404_055700.WAV,A008_SD007
20240406_055400.WAV,A008_SD007
20240409_061100.WAV,A008_SD007
20240414_070300.WAV,A008_SD007
20240407_062200.WAV,A008_SD007
20240414_064200.WAV,A008_SD007
20240406_070800.WAV,A008_SD007
20240412_063700.WAV,A008_SD007
20240331_061700.WAV,A008_SD007
20240408_070600.WAV,A008_SD007
20240404_071000.WAV,A008_SD007
20240415_071200.WAV,A008_SD007
20240407_062300.WAV,A008_SD007
20240407_070300.WAV,A008_SD007
20240414_060600.WAV,A008_SD007
20240410_071000.WAV,A008_SD007
20240401_065300.WAV,A008_SD007
20240407_065500.WAV,A009_SD009
20240411_061500.WAV,A009_SD009
20240406_065800.WAV,A009_SD009
20240331_065800.WAV,A009_SD009
20240412_060000.WAV,A009_SD009
20240409_064200.WAV,A009_SD009
20240405_061100.WAV,A009_SD009
20240414_055300.WAV,A009_SD009
20240415_070500.WAV,A009_SD009
20240407_071000.WAV,A009_SD009
20240331_064500.WAV,A009_SD009
20240414_063600.WAV,A009_SD009
20240409_064300.WAV,A009_SD009
20240413_070800.WAV,A009_SD009
20240416_061100.WAV,A009_SD009
20240407_061100.WAV,A009_SD009
20240403_070500.WAV,A009_SD009
20240409_063900.WAV,A009_SD009
20240407_070800.WAV,A009_SD009
20240409_070400.WAV,A009_SD009
20240404_064500.WAV,A009_SD009
20240415_054600.WAV,A009_SD009
20240414_061600.WAV,A009_SD009
20240411_065700.WAV,A009_SD009
20240410_064300.WAV,A009_SD009
20240414_054700.WAV,A009_SD009
20240410_063700.WAV,A009_SD009
20240413_064100.WAV,A009_SD009
20240403_065500.WAV,A009_SD009
20240408_061800.WAV,A009_SD009
20240407_060400.WAV,A009_SD009
20240415_060800.WAV,A009_SD009
20240414_070300.WAV,A009_SD009
20240401_055100.WAV,A009_SD009
20240403_071200.WAV,A009_SD009
20240404_061100.WAV,A009_SD009
20240405_063800.WAV,A009_SD009
20240331_064900.WAV,A009_SD009
20240405_064500.WAV,A009_SD009
20240411_062200.WAV,A009_SD009
20240414_060200.WAV,A009_SD009
20240409_063200.WAV,A009_SD009
20240406_063700.WAV,A009_SD009
20240404_063400.WAV,A009_SD009
20240406_055700.WAV,A009_SD009
20240415_061200.WAV,A009_SD009
20240404_055600.WAV,A009_SD009
20240403_055100.WAV,A009_SD009
20240409_055400.WAV,A009_SD009
20240413_060300.WAV,A009_SD009
20240413_063200.WAV,A010_SD014
20240409_060500.WAV,A010_SD014
20240411_062800.WAV,A010_SD014
20240413_065500.WAV,A010_SD014
20240414_054800.WAV,A010_SD014
20240403_060400.WAV,A010_SD014
20240410_060200.WAV,A010_SD014
20240411_054900.WAV,A010_SD014
20240404_060600.WAV,A010_SD014
20240401_060200.WAV,A010_SD014
20240404_062200.WAV,A010_SD014
20240413_055300.WAV,A010_SD014
20240413_065200.WAV,A010_SD014
20240411_065100.WAV,A010_SD014
20240412_064200.WAV,A010_SD014
20240401_064300.WAV,A010_SD014
20240410_063900.WAV,A010_SD014
20240403_063800.WAV,A010_SD014
20240401_070200.WAV,A010_SD014
20240401_062200.WAV,A010_SD014
20240331_070700.WAV,A010_SD014
20240409_054600.WAV,A010_SD014
20240414_071200.WAV,A010_SD014
20240403_063600.WAV,A010_SD014
20240409_055100.WAV,A010_SD014
20240411_060100.WAV,A010_SD014
20240414_062100.WAV,A010_SD014
20240416_070000.WAV,A010_SD014
20240416_064100.WAV,A010_SD014
20240402_063800.WAV,A010_SD014
20240414_062400.WAV,A010_SD014
20240415_062900.WAV,A010_SD014
20240406_070800.WAV,A010_SD014
20240406_061500.WAV,A010_SD014
20240411_055900.WAV,A010_SD014
20240331_061700.WAV,A010_SD014
20240411_064300.WAV,A010_SD014
20240406_063300.WAV,A010_SD014
20240414_070600.WAV,A010_SD014
20240401_055000.WAV,A010_SD014
20240412_055100.WAV,A010_SD014
20240416_070100.WAV,A010_SD014
20240406_061300.WAV,A010_SD014
20240415_061200.WAV,A010_SD014
20240331_061300.WAV,A010_SD014
20240409_063600.WAV,A010_SD014
20240405_060400.WAV,A010_SD014
20240409_071400.WAV,A010_SD014
20240413_070700.WAV,A010_SD014
20240414_063900.WAV,A010_SD014
20240409_065900.WAV,A011_SD018
20240411_064900.WAV,A011_SD018
20240408_060800.WAV,A011_SD018
20240409_062100.WAV,A011_SD018
20240402_055000.WAV,A011_SD018
20240406_055900.WAV,A011_SD018
20240414_060800.WAV,A011_SD018
20240406_062000.WAV,A011_SD018
20240408_061100.WAV,A011_SD018
20240408_061300.WAV,A011_SD018
20240412_070000.WAV,A011_SD018
20240401_065900.WAV,A011_SD018
20240401_062100.WAV,A011_SD018
20240413_060900.WAV,A011_SD018
20240409_060100.WAV,A011_SD018
20240405_063300.WAV,A011_SD018
20240408_054800.WAV,A011_SD018
20240413_065000.WAV,A011_SD018
20240409_070200.WAV,A011_SD018
20240415_070001.WAV,A011_SD018
20240409_070000.WAV,A011_SD018
20240403_062500.WAV,A011_SD018
20240413_055300.WAV,A011_SD018
20240407_063500.WAV,A011_SD018
20240408_055000.WAV,A011_SD018
20240405_061600.WAV,A011_SD018
20240414_065300.WAV,A011_SD018
20240410_060600.WAV,A011_SD018
20240407_060200.WAV,A011_SD018
20240405_070500.WAV,A011_SD018
20240404_071100.WAV,A011_SD018
20240409_061500.WAV,A011_SD018
20240415_070801.WAV,A011_SD018
20240403_055400.WAV,A011_SD018
20240413_054600.WAV,A011_SD018
20240410_065000.WAV,A011_SD018
20240415_063700.WAV,A011_SD018
20240402_060200.WAV,A011_SD018
20240405_060500.WAV,A011_SD018
20240410_061000.WAV,A011_SD018
20240409_064800.WAV,A011_SD018
20240401_071400.WAV,A011_SD018
20240409_061600.WAV,A011_SD018
20240404_063000.WAV,A011_SD018
20240409_061200.WAV,A011_SD018
20240409_055600.WAV,A011_SD018
20240405_055900.WAV,A011_SD018
20240414_060600.WAV,A011_SD018
20240402_062500.WAV,A011_SD018
20240409_065500.WAV,A011_SD018
20240409_063800.WAV,A013_SD016
20240410_060100.WAV,A013_SD016
20240401_054700.WAV,A013_SD016
20240404_062100.WAV,A013_SD016
20240411_061700.WAV,A013_SD016
20240413_061400.WAV,A013_SD016
20240404_063800.WAV,A013_SD016
20240401_070100.WAV,A013_SD016
20240404_054500.WAV,A013_SD016
20240404_061800.WAV,A013_SD016
20240409_054700.WAV,A013_SD016
20240416_063000.WAV,A013_SD016
20240402_065700.WAV,A013_SD016
20240408_062800.WAV,A013_SD016
20240410_070100.WAV,A013_SD016
20240405_061700.WAV,A013_SD016
20240414_065701.WAV,A013_SD016
20240405_060900.WAV,A013_SD016
20240413_064900.WAV,A013_SD016
20240403_062700.WAV,A013_SD016
20240407_061300.WAV,A013_SD016
20240416_055500.WAV,A013_SD016
20240403_060500.WAV,A013_SD016
20240408_065100.WAV,A013_SD016
20240412_064200.WAV,A013_SD016
20240414_061401.WAV,A013_SD016
20240416_055300.WAV,A013_SD016
20240410_065800.WAV,A013_SD016
20240402_060800.WAV,A013_SD016
20240415_060200.WAV,A013_SD016
20240409_062600.WAV,A013_SD016
20240408_054700.WAV,A013_SD016
20240404_071100.WAV,A013_SD016
20240409_061500.WAV,A013_SD016
20240412_061200.WAV,A013_SD016
20240414_061801.WAV,A013_SD016
20240411_063801.WAV,A013_SD016
20240404_061700.WAV,A013_SD016
20240331_061000.WAV,A013_SD016
20240410_065200.WAV,A013_SD016
20240409_055700.WAV,A013_SD016
20240403_063200.WAV,A013_SD016
20240410_065500.WAV,A013_SD016
20240408_070401.WAV,A013_SD016
20240415_055000.WAV,A013_SD016
20240413_065900.WAV,A013_SD016
20240404_060900.WAV,A013_SD016
20240410_071200.WAV,A013_SD016
20240410_063000.WAV,A013_SD016
20240403_062800.WAV,A013_SD016
20240408_063500.WAV,A014_SD021
20240411_054800.WAV,A014_SD021
20240407_060900.WAV,A014_SD021
20240401_060300.WAV,A014_SD021
20240407_071400.WAV,A014_SD021
20240405_055500.WAV,A014_SD021
20240403_062600.WAV,A014_SD021
20240407_065300.WAV,A014_SD021
20240401_060500.WAV,A014_SD021
20240407_071200.WAV,A014_SD021
20240416_071000.WAV,A014_SD021
20240407_063200.WAV,A014_SD021
20240406_062400.WAV,A014_SD021
20240408_070800.WAV,A014_SD021
20240407_065100.WAV,A014_SD021
20240409_062200.WAV,A014_SD021
20240406_063800.WAV,A014_SD021
20240411_063000.WAV,A014_SD021
20240415_070400.WAV,A014_SD021
20240405_061600.WAV,A014_SD021
20240409_062600.WAV,A014_SD021
20240407_055300.WAV,A014_SD021
20240413_065400.WAV,A014_SD021
20240416_064900.WAV,A014_SD021
20240413_063900.WAV,A014_SD021
20240410_065600.WAV,A014_SD021
20240414_062700.WAV,A014_SD021
20240411_064200.WAV,A014_SD021
20240413_060600.WAV,A014_SD021
20240415_063100.WAV,A014_SD021
20240406_063000.WAV,A014_SD021
20240404_063300.WAV,A014_SD021
20240411_062500.WAV,A014_SD021
20240413_062600.WAV,A014_SD021
20240414_060500.WAV,A014_SD021
20240403_055000.WAV,A014_SD021
20240405_070600.WAV,A014_SD021
20240406_063100.WAV,A014_SD021
20240407_062500.WAV,A014_SD021
20240404_055000.WAV,A014_SD021
20240415_061600.WAV,A014_SD021
20240405_062400.WAV,A014_SD021
20240414_070600.WAV,A014_SD021
20240408_060600.WAV,A014_SD021
20240409_063400.WAV,A014_SD021
20240401_063200.WAV,A014_SD021
20240407_065900.WAV,A014_SD021
20240404_063600.WAV,A014_SD021
20240415_060900.WAV,A014_SD021
20240406_060800.WAV,A014_SD021
20240408_060800.WAV,A015_SD010
20240407_063400.WAV,A015_SD010
20240401_064400.WAV,A015_SD010
20240404_070100.WAV,A015_SD010
20240409_060700.WAV,A015_SD010
20240410_070700.WAV,A015_SD010
20240405_061100.WAV,A015_SD010
20240331_064300.WAV,A015_SD010
20240410_063800.WAV,A015_SD010
20240408_065000.WAV,A015_SD010
20240403_065800.WAV,A015_SD010
20240408_064900.WAV,A015_SD010
20240404_055900.WAV,A015_SD010
20240411_055200.WAV,A015_SD010
20240401_062400.WAV,A015_SD010
20240405_055400.WAV,A015_SD010
20240409_062000.WAV,A015_SD010
20240410_061900.WAV,A015_SD010
20240409_070000.WAV,A015_SD010
20240407_054800.WAV,A015_SD010
20240408_065100.WAV,A015_SD010
20240408_061400.WAV,A015_SD010
20240410_063900.WAV,A015_SD010
20240405_061600.WAV,A015_SD010
20240409_062400.WAV,A015_SD010
20240402_060800.WAV,A015_SD010
20240408_063000.WAV,A015_SD010
20240412_062300.WAV,A015_SD010
20240331_054700.WAV,A015_SD010
20240412_062100.WAV,A015_SD010
20240401_062000.WAV,A015_SD010
20240412_055800.WAV,A015_SD010
20240403_064200.WAV,A015_SD010
20240411_060700.WAV,A015_SD010
20240411_055800.WAV,A015_SD010
20240404_065600.WAV,A015_SD010
20240408_070100.WAV,A015_SD010
20240410_064900.WAV,A015_SD010
20240410_070800.WAV,A015_SD010
20240407_062200.WAV,A015_SD010
20240412_064800.WAV,A015_SD010
20240405_060500.WAV,A015_SD010
20240401_061200.WAV,A015_SD010
20240404_055200.WAV,A015_SD010
20240404_061600.WAV,A015_SD010
20240408_064700.WAV,A015_SD010
20240412_062800.WAV,A015_SD010
20240406_065600.WAV,A015_SD010
20240408_062200.WAV,A015_SD010
20240403_065000.WAV,A015_SD010
20240405_065600.WAV,A016_SD022
20240408_061300.WAV,A016_SD022
20240403_070600.WAV,A016_SD022
20240414_061700.WAV,A016_SD022
20240331_060200.WAV,A016_SD022
20240402_055600.WAV,A016_SD022
20240407_063000.WAV,A016_SD022
20240401_064200.WAV,A016_SD022
20240401_064500.WAV,A016_SD022
20240406_062300.WAV,A016_SD022
20240407_065600.WAV,A016_SD022
20240412_062700.WAV,A016_SD022
20240408_055400.WAV,A016_SD022
20240405_063600.WAV,A016_SD022
20240406_065900.WAV,A016_SD022
20240407_071100.WAV,A016_SD022
20240401_064300.WAV,A016_SD022
20240415_070400.WAV,A016_SD022
20240411_063400.WAV,A016_SD022
20240403_055800.WAV,A016_SD022
20240404_064500.WAV,A016_SD022
20240416_055100.WAV,A016_SD022
20240414_055200.WAV,A016_SD022
20240402_065600.WAV,A016_SD022
20240407_063300.WAV,A016_SD022
20240410_060600.WAV,A016_SD022
20240416_064500.WAV,A016_SD022
20240331_055200.WAV,A016_SD022
20240408_064600.WAV,A016_SD022
20240402_060400.WAV,A016_SD022
20240406_054900.WAV,A016_SD022
20240411_055800.WAV,A016_SD022
20240412_063600.WAV,A016_SD022
20240413_070200.WAV,A016_SD022
20240406_070900.WAV,A016_SD022
20240416_060200.WAV,A016_SD022
20240415_062800.WAV,A016_SD022
20240409_065400.WAV,A016_SD022
20240405_055800.WAV,A016_SD022
20240406_063600.WAV,A016_SD022
20240409_063000.WAV,A016_SD022
20240404_061600.WAV,A016_SD022
20240402_065900.WAV,A016_SD022
20240404_065100.WAV,A016_SD022
20240408_060200.WAV,A016_SD022
20240413_064400.WAV,A016_SD022
20240407_070300.WAV,A016_SD022
20240401_063000.WAV,A016_SD022
20240416_063800.WAV,A016_SD022
20240401_054900.WAV,A016_SD022
20240406_063900.WAV,A017_SD024
20240414_055501.WAV,A017_SD024
20240412_064700.WAV,A017_SD024
20240413_054900.WAV,A017_SD024
20240413_063400.WAV,A017_SD024
20240331_060200.WAV,A017_SD024
20240412_064100.WAV,A017_SD024
20240404_061800.WAV,A017_SD024
20240411_061100.WAV,A017_SD024
20240401_062300.WAV,A017_SD024
20240404_060300.WAV,A017_SD024
20240401_070300.WAV,A017_SD024
20240412_070200.WAV,A017_SD024
20240402_071100.WAV,A017_SD024
20240404_062600.WAV,A017_SD024
20240405_063200.WAV,A017_SD024
20240408_062900.WAV,A017_SD024
20240416_070800.WAV,A017_SD024
20240413_065400.WAV,A017_SD024
20240402_070200.WAV,A017_SD024
20240404_065000.WAV,A017_SD024
20240410_065600.WAV,A017_SD024
20240413_064300.WAV,A017_SD024
20240331_064800.WAV,A017_SD024
20240412_061200.WAV,A017_SD024
20240402_063900.WAV,A017_SD024
20240331_065100.WAV,A017_SD024
20240402_070000.WAV,A017_SD024
20240411_061800.WAV,A017_SD024
20240407_070000.WAV,A017_SD024
20240404_063500.WAV,A017_SD024
20240410_061700.WAV,A017_SD024
20240408_064200.WAV,A017_SD024
20240416_055900.WAV,A017_SD024
20240401_062800.WAV,A017_SD024
20240402_054600.WAV,A017_SD024
20240409_063700.WAV,A017_SD024
20240403_063200.WAV,A017_SD024
20240414_064501.WAV,A017_SD024
20240409_070900.WAV,A017_SD024
20240413_062300.WAV,A017_SD024
20240410_060900.WAV,A017_SD024
20240413_070300.WAV,A017_SD024
20240408_064700.WAV,A017_SD024
20240409_055600.WAV,A017_SD024
20240401_070900.WAV,A017_SD024
20240405_060400.WAV,A017_SD024
20240413_062700.WAV,A017_SD024
20240407_064000.WAV,A017_SD024
20240410_061400.WAV,A017_SD024
